ID,NAME,Tennis Court Area,Park Name,ADDRESS,DISTRICT,WARD,Primary Permitting Status,Asset category,LIGHTS,Surface material,Lat,Long,Num_courts,Sport
3570,Agincourt Park,AGINCOURT PARK - Tennis Court Area,AGINCOURT PARK,27 GLEN WATFORD DR,Scarborough,41,Club,Outdoor Tennis Court,Yes,Coated,-79.27436958,43.78822902,4,Tennis
29273,Agincourt Park,,AGINCOURT PARK,27 GLEN WATFORD DR,Scarborough,41,Club,Clubhouse,,,-79.27471885,43.78837437,1,Tennis
2875,Alamosa Park,ALAMOSA PARK - Tennis Court Area,ALAMOSA PARK,111 ALAMOSA DR,North York,33,Club,Outdoor Tennis Court,No,Coated,-79.36940737,43.78104482,3,Tennis
3563,Albion Gardens Park,ALBION GARDENS PARK - Tennis Court Area,ALBION GARDENS PARK,41 DEANLEA CRT,Etobicoke York,1,Club,Outdoor Tennis Court,Yes,Coated,-79.55932899,43.73918301,3,Tennis
3559,Amesbury Park,AMESBURY PARK - Tennis Court Area,AMESBURY PARK,151 CULFORD RD,Etobicoke York,12,Public,Outdoor Tennis Court,No,Asphalt,-79.48371466,43.70687532,2,Tennis
3549,Ancaster Park,ANCASTER PARK - Tennis Court Area,ANCASTER PARK,41 ANCASTER RD,North York,9,Public,Outdoor Tennis Court,No,Asphalt,-79.46594992,43.73347393,3,Tennis
3247,Angela James Arena - Building Grounds,ANGELA JAMES ARENA - Tennis Court Area,ANGELA JAMES ARENA - Building Grounds,165 GRENOBLE DR,North York,26,Public,Outdoor Tennis Court,Yes,Asphalt,-79.32872459,43.7127046,4,Tennis
4000,Antibes Community Centre - Building Grounds,,ANTIBES COMMUNITY CENTRE - Building Grounds,140 ANTIBES DR,North York,10,Public,Outdoor Tennis Court,No,Asphalt,-79.44785017,43.78095139,1,Tennis
3537,Balmoral Park,BALMORAL PARK - Tennis Court Area,BALMORAL PARK,170 FAYWOOD BLVD,North York,10,Public,Outdoor Tennis Court,Yes,Asphalt,-79.45041331,43.74503774,3,Tennis
3527,Baycrest Park,BAYCREST PARK - Tennis Court Area,BAYCREST PARK,160 NEPTUNE DR,North York,15,Public,Outdoor Tennis Court,Yes,Asphalt,-79.44393144,43.72874555,2,Tennis
3522,Bayview Village Park,BAYVIEW VILLAGE PARK - Tennis Court Area,BAYVIEW VILLAGE PARK,2945 BAYVIEW AVE,North York,24,Public,Outdoor Tennis Court,No,Asphalt,-79.38916925,43.77333209,3,Tennis
3042,Beaches Park,BEACHES PARK - Tennis Court Area,BEACHES PARK,2075 QUEEN ST E,Waterfront,32,Club,Outdoor Tennis Court,Yes,Clay,-79.29981954,43.66648471,10,Tennis
3518,Beaumonde Heights Park,BEAUMONDE HEIGHTS PARK - Tennis Court Area,BEAUMONDE HEIGHTS PARK,44 AMARON AVE,Etobicoke York,1,Public,Outdoor Tennis Court,No,Asphalt,-79.57282593,43.73963457,3,Tennis
3512,Bellbury Park,BELLBURY PARK - Tennis Court Area,BELLBURY PARK,55 VAN HORNE AVE,North York,33,Club,Outdoor Tennis Court,Yes,Coated,-79.36062091,43.78425411,5,Tennis
29280,Bellbury Park,,BELLBURY PARK,55 VAN HORNE AVE,North York,33,Club,Clubhouse,,,-79.36093862,43.78447053,1,Tennis
3509,Bennington Heights Park,BENNINGTON HEIGHTS PARK - Tennis Court Area,BENNINGTON HEIGHTS PARK,465 HEATH ST E,North York,26,Club,Outdoor Tennis Court,Yes,Coated,-79.37004767,43.69491972,1,Tennis
3504,Bestview Park,BESTVIEW PARK - Tennis Court Area,BESTVIEW PARK,115 BESTVIEW DR,North York,24,Public,Outdoor Tennis Court,Yes,Asphalt,-79.38346836,43.80245351,3,Tennis
3498,Birch Park,BIRCH PARK - Tennis Court Area,BIRCH PARK,75 ARCADIAN CIR,Etobicoke York,6,Public,Outdoor Tennis Court,Yes,Asphalt,-79.52668419,43.59107692,1,Tennis
3495,Birchmount Park,BIRCHMOUNT PARK - Tennis Court Area,BIRCHMOUNT PARK,95 BIRCHMOUNT RD,Scarborough,36,Public,Outdoor Tennis Court,Yes,Asphalt,-79.26167067,43.69734175,1,Tennis
3491,Bloordale Park South,BLOORDALE PARK SOUTH - Tennis Court Area,BLOORDALE PARK SOUTH,230 RENFORTH DR,Etobicoke York,3,Public,Outdoor Tennis Court,No,Asphalt,-79.56817889,43.63577967,1,Tennis
3484,Bond Park,BOND PARK - Tennis Court Area,BOND PARK,120 BOND AVE,North York,25,Club,Outdoor Tennis Court,Yes,Coated,-79.350482,43.74688475,6,Tennis
29308,Bond Park,,BOND PARK,120 BOND AVE,North York,25,Club,Clubhouse,,,-79.35068563,43.7465042,1,Tennis
3984,Botany Hill Park,BOTANY HILL PARK - Tennis Court Area,BOTANY HILL PARK,277 ORTON PARK RD,Scarborough,43,Club,Outdoor Tennis Court,Yes,Coated,-79.21069851,43.77790543,4,Tennis
3480,Bridlewood Park,BRIDLEWOOD PARK - Tennis Court Area,BRIDLEWOOD PARK,445 HUNTINGWOOD DR,Scarborough,40,Club,Outdoor Tennis Court,Yes,Coated,-79.31643439,43.78318136,3,Tennis
3475,Broadlands Park,BROADLANDS PARK - Tennis Court Area,BROADLANDS PARK,19 CASTLEGROVE BLVD,North York,34,Club,Outdoor Tennis Court,Yes,Coated,-79.32223635,43.74617333,4,Tennis
3468,Buttonwood Park,BUTTONWOOD PARK - Tennis Court Area,BUTTONWOOD PARK,30 MULHAM PL,Etobicoke York,4,Public,Outdoor Tennis Court,Yes,Asphalt,-79.51973629,43.68180381,3,Tennis
17409,Cartwright School Park,CARTWRIGHT SCHOOL PARK - Tennis Court Area,CARTWRIGHT SCHOOL PARK,100 BENTWORTH AVE,North York,15,Public,Outdoor Tennis Court,No,Asphalt,-79.46412423,43.72125733,2,Tennis
2892,Cassandra Park,CASSANDRA PARK - Tennis Court Area,CASSANDRA PARK,230 CASSANDRA BLVD,North York,34,Club,Outdoor Tennis Court,Yes,Coated,-79.31857675,43.75465025,4,Tennis
3452,Cedarvale Park,CEDARVALE PARK - Tennis Court Area,CEDARVALE PARK,443 ARLINGTON AVE,Toronto East York,21,Public,Outdoor Tennis Court,Yes,Coated,-79.43209297,43.69276269,4,Tennis
3449,Chalkfarm Park,CHALKFARM PARK - Tennis Court Area,CHALKFARM PARK,2230 JANE ST,Etobicoke York,7,Public,Outdoor Tennis Court,No,Asphalt,-79.51558725,43.72667812,2,Tennis
3444,Champlain Parkette,CHAMPLAIN PARKETTE - Tennis Court Area,CHAMPLAIN PARKETTE,50 CHAMPLAIN BLVD,North York,10,Public,Outdoor Tennis Court,No,Asphalt,-79.44453868,43.73217841,2,Tennis
3437,Charlottetown Park,CHARLOTTETOWN PARK - Tennis Court Area,CHARLOTTETOWN PARK,65 CHARLOTTETOWN BLVD,Scarborough,44,Club,Outdoor Tennis Court,Yes,Coated,-79.14071308,43.78075502,3,Tennis
3427,Clairlea Park,CLAIRLEA PARK - Tennis Court Area,CLAIRLEA PARK,45 FAIRFAX CRES,Scarborough,35,Public,Outdoor Tennis Court,No,Asphalt,-79.28797574,43.71424347,2,Tennis
3423,Clanton Park,CLANTON PARK - Tennis Court Area,CLANTON PARK,30 PALM DR,North York,10,Public,Outdoor Tennis Court,Yes,Asphalt,-79.43724255,43.74607317,3,Tennis
29332,Clanton Park,,CLANTON PARK,30 PALM DR,North York,10,Club,Clubhouse,,,-79.43775405,43.74607101,1,Tennis
3419,Cliffwood Park,CLIFFWOOD PARK - Tennis Court Area,CLIFFWOOD PARK,280 CLIFFWOOD RD,North York,24,Public,Outdoor Tennis Court,No,Asphalt,-79.35462275,43.80817872,3,Tennis
3415,Cloverdale Park,CLOVERDALE PARK - Tennis Court Area,CLOVERDALE PARK,85 SHAVER AVE S,Etobicoke York,5,Public,Outdoor Tennis Court,No,Asphalt,-79.54453829,43.63367398,3,Tennis
3410,Clydesdale Park,CLYDESDALE PARK - Tennis Court Area,CLYDESDALE PARK,116 CLYDESDALE DR,North York,33,Club,Outdoor Tennis Court,Yes,Coated,-79.3293701,43.78371774,4,Tennis
29334,Clydesdale Park,,CLYDESDALE PARK,116 CLYDESDALE DR,North York,33,Club,Clubhouse,,,-79.32954913,43.78338698,1,Tennis
3407,Coleman Park,COLEMAN PARK - Tennis Court Area,COLEMAN PARK,19 COLEMAN AVE,Toronto East York,31,Public,Outdoor Tennis Court,No,Asphalt,-79.29952726,43.68948392,2,Tennis
3400,Confederation Park,CONFEDERATION PARK - Tennis Court Area,CONFEDERATION PARK,250 DOLLY VARDEN BLVD,Scarborough,38,Club,Outdoor Tennis Court,Yes,Coated,-79.23582959,43.77364966,3,Tennis
3387,Cosburn Park,COSBURN PARK - Tennis Court Area,COSBURN PARK,115 ROOSEVELT RD,Toronto East York,29,Public,Outdoor Tennis Court,Yes,Asphalt,-79.33053051,43.69275676,5,Tennis
3381,Cresthaven Park,CRESTHAVEN PARK - Tennis Court Area,CRESTHAVEN PARK,37 CRESTHAVEN DR,North York,24,Club,Outdoor Tennis Court,Yes,Coated,-79.36319467,43.7983579,4,Tennis
3376,Cummer Park,CUMMER PARK - Tennis Court Area,CUMMER PARK,823 CUMMER AVE,North York,24,Public,Outdoor Tennis Court,Yes,Asphalt,-79.37212088,43.79987628,4,Tennis
29354,June Rowlands Park,,JUNE ROWLANDS PARK,220 DAVISVILLE AVE,Toronto East York,22,Club,Clubhouse,,,-79.38821338,43.7002781,1,Tennis
3349,Dovercourt Park,DOVERCOURT PARK - Tennis Court Area,DOVERCOURT PARK,155 BARTLETT AVE,Toronto East York,18,Public,Outdoor Tennis Court,No,Asphalt,-79.43336469,43.66552997,2,Tennis
3339,Dunlace Park,DUNLACE PARK - Tennis Court Area,DUNLACE PARK,28 DUNLACE DR,North York,25,Club,Outdoor Tennis Court,Yes,Asphalt,-79.36837521,43.76289732,3,Tennis
29382,Dunlace Park,,DUNLACE PARK,28 DUNLACE DR,North York,25,Club,Clubhouse,,,-79.36896576,43.76272618,1,Tennis
3328,East Mall Park,EAST MALL PARK - Tennis Court Area,EAST MALL PARK,355 THE EAST MALL,Etobicoke York,5,Public,Outdoor Tennis Court,Yes,Asphalt,-79.55680307,43.64148251,3,Tennis
29348,Cosburn Park,,COSBURN PARK,115 ROOSEVELT RD,Toronto East York,29,Club,Clubhouse,,,-79.33057174,43.6930204,1,Tennis
3309,Eglinton Flats,EGLINTON FLATS - Tennis Court Area,EGLINTON FLATS,101 EMMETT AVE,Etobicoke York,11,Public,Outdoor Tennis Court,Yes,Asphalt,-79.49447972,43.68489355,13,Tennis
3300,Eglinton Park,EGLINTON PARK - Tennis Court Area,EGLINTON PARK,200 EGLINTON AVE W,North York,16,Public,Outdoor Tennis Court,Yes,Asphalt,-79.40448996,43.70661165,2,Tennis
3298,Elizabeth Simcoe Park,ELIZABETH SIMCOE PARK - Tennis Court Area,ELIZABETH SIMCOE PARK,180 SYLVAN AVE,Scarborough,43,Club,Outdoor Tennis Court,Yes,Coated,-79.20530032,43.73922404,4,Tennis
3275,Fairmount Park,FAIRMOUNT PARK - Tennis Court Area,FAIRMOUNT PARK,1725 GERRARD ST E,Toronto East York,32,Public,Outdoor Tennis Court,No,Asphalt,-79.31529899,43.67527522,5,Tennis
3264,Fenside Park,FENSIDE PARK - Tennis Court Area,FENSIDE PARK,30 SLIDELL CRES,North York,34,Public,Outdoor Tennis Court,Yes,Asphalt,-79.32754101,43.76476268,4,Tennis
3260,Firgrove Park,FIRGROVE PARK - Tennis Court Area,FIRGROVE PARK,254 FIRGROVE CRES,Etobicoke York,7,Public,Outdoor Tennis Court,No,Asphalt,-79.5210539,43.75060517,3,Tennis
3254,Flagstaff Park,FLAGSTAFF PARK - Tennis Court Area,FLAGSTAFF PARK,42 MERCURY RD,Etobicoke York,2,Public,Outdoor Tennis Court,Yes,Asphalt,-79.59067546,43.72097009,2,Tennis
3239,Fountainhead Park,FOUNTAINHEAD PARK - Tennis Court Area,FOUNTAINHEAD PARK,445 SENTINEL RD,North York,8,Club,Outdoor Tennis Court,Yes,Asphalt,-79.4992761,43.76208644,3,Tennis
29413,Fountainhead Park,,FOUNTAINHEAD PARK,445 SENTINEL RD,North York,8,Club,Clubhouse,,,-79.49913432,43.76182292,1,Tennis
3230,Gihon Spring Park,GIHON SPRING PARK - Tennis Court Area,GIHON SPRING PARK,75 GIHON SPRING DR,Etobicoke York,1,Public,Outdoor Tennis Court,Yes,Asphalt,-79.594631,43.75489768,2,Tennis
3336,Earlscourt Park,GIOVANNI CABOTO - Tennis Court Area,EARLSCOURT PARK,1367 ST CLAIR AVE W,Etobicoke York,17,Public,Outdoor Tennis Court,Yes,Asphalt,-79.4527847,43.67549825,1,Tennis
3217,Glen Park,GLEN PARK - Tennis Court Area,GLEN PARK,44A EASTGLEN CRES,Etobicoke York,3,Public,Outdoor Tennis Court,Yes,Asphalt,-79.55350695,43.65079124,2,Tennis
3214,Glendora Park,GLENDORA PARK - Tennis Court Area,GLENDORA PARK,201 GLENDORA AVE,North York,23,Public,Outdoor Tennis Court,No,Asphalt,-79.39801876,43.76097542,2,Tennis
3209,Goulding Park,GOULDING PARK - Tennis Court Area,GOULDING PARK,80 PATRICIA AVE,North York,23,Public,Outdoor Tennis Court,No,Asphalt,-79.42218776,43.7916127,3,Tennis
3202,Gracedale Park,GRACEDALE PARK - Tennis Court Area,GRACEDALE PARK,176 GRACEDALE BLVD,Etobicoke York,7,Public,Outdoor Tennis Court,No,Asphalt,-79.56338019,43.75171399,3,Tennis
3193,Grandravine Park,GRANDRAVINE PARK - Tennis Court Area,GRANDRAVINE PARK,23 GRANDRAVINE DR,North York,9,Public,Outdoor Tennis Court,No,Asphalt,-79.49165743,43.75228304,3,Tennis
3181,Graydon Hall Park,GRAYDON HALL PARK - Tennis Court Area,GRAYDON HALL PARK,215 GRAYDON HALL DR,North York,34,Public,Outdoor Tennis Court,Yes,Asphalt,-79.34082717,43.76261796,3,Tennis
3171,Gwendolen Park,,GWENDOLEN PARK,3 GWENDOLEN CRES,North York,23,Public,Outdoor Tennis Court,Yes,Coated,-79.42056678,43.75112814,1,Tennis
3170,Gwendolen Park,GWENDOLEN PARK - Tennis Court Area,GWENDOLEN PARK,3 GWENDOLEN CRES,North York,23,Club,Outdoor Tennis Court,Yes,Coated,-79.41980058,43.75093872,3,Tennis
29427,Gwendolen Park,,GWENDOLEN PARK,3 GWENDOLEN CRES,North York,23,Club,Clubhouse,,,-79.42040271,43.75105238,1,Tennis
3618,Toronto Islands - Hanlan's Point Park,HANLAN'S POINT PARK - Tennis Court Area,TORONTO ISLANDS - HANLAN'S POINT PARK,9 QUEENS QUAY  W,Waterfront,28,Public,Outdoor Tennis Court,Yes,Asphalt,-79.39161271,43.61994414,6,Tennis
3162,Havenbrook Park,HAVENBROOK PARK - Tennis Court Area,HAVENBROOK PARK,15 HAVENBROOK BLVD,North York,33,Club,Outdoor Tennis Court,Yes,Coated,-79.35833134,43.76750943,4,Tennis
29448,Havenbrook Park,,HAVENBROOK PARK,15 HAVENBROOK BLVD,North York,33,Club,Clubhouse,,,-79.35773597,43.76765972,1,Tennis
3155,Hawksbury Park,HAWKSBURY PARK - Tennis Court Area,HAWKSBURY PARK,1A HAWKSBURY DR,North York,24,Club,Outdoor Tennis Court,Yes,Coated,-79.3827995,43.77045308,6,Tennis
29449,Hawksbury Park,,HAWKSBURY PARK,1A HAWKSBURY DR,North York,24,Club,Clubhouse,,,-79.38330525,43.7701849,1,Basketball
3150,Hendon Park,HENDON PARK - Tennis Court Area,HENDON PARK,50 HENDON AVE,North York,23,Public,Outdoor Tennis Court,Yes,Coated,-79.42168089,43.78115217,4,Basketball
29453,Hendon Park,,HENDON PARK,50 HENDON AVE,North York,23,Club,Clubhouse,,,-79.4213229,43.78126056,1,Basketball
3144,Heron Park,HERON PARK - Tennis Court Area,HERON PARK,292  MANSE RD,Scarborough,44,Club,Outdoor Tennis Court,Yes,Coated,-79.17830386,43.76865502,5,Basketball
29454,Heron Park,,HERON PARK,292  MANSE RD,Scarborough,44,Club,Clubhouse,,,-79.17788151,43.76916026,1,Basketball
3134,High Park,HIGH PARK - Tennis Court Area (  1),HIGH PARK,1873 BLOOR ST W,Etobicoke York,13,Club,Outdoor Tennis Court,Yes,Coated,-79.45912098,43.65052748,14,Basketball
29477,High Park,,HIGH PARK,430 PARKSIDE DR,Etobicoke York,13,Club,Clubhouse,,,-79.45947835,43.65045818,1,Basketball
3124,Hillcrest Park,HILLCREST PARK - Tennis Court Area,HILLCREST PARK,950 DAVENPORT RD,Toronto East York,21,Club,Outdoor Tennis Court,Yes,Coated,-79.42386171,43.67600872,4,Basketball
17406,Howard Talbot Park,HOWARD TALBOT PARK - Tennis Court Area,HOWARD TALBOT PARK,635 EGLINTON AVE E,North York,26,Public,Outdoor Tennis Court,No,Asphalt,-79.37236378,43.71048744,2,Basketball
3118,Hullmar Park,HULLMAR PARK - Tennis Court Area,HULLMAR PARK,97 HULLMAR DR,North York,8,Public,Outdoor Tennis Court,Yes,Asphalt,-79.52497017,43.76514772,3,Basketball
3113,Humber Valley Park,HUMBER VALLEY PARK - Tennis Court Area,HUMBER VALLEY PARK,54 ANGLESEY BLVD,Etobicoke York,4,Public,Outdoor Tennis Court,Yes,Asphalt,-79.52479819,43.66432332,4,Basketball
3108,Indian Line Park,INDIAN LINE PARK - Tennis Court Area,INDIAN LINE PARK,655 HUMBERWOOD BLVD,Etobicoke York,2,Public,Outdoor Tennis Court,Yes,Asphalt,-79.62273738,43.72510473,2,Basketball
3095,Iroquois Park,IROQUOIS PARK - Tennis Court Area,IROQUOIS PARK,295 CHARTLAND BLVD S,Scarborough,41,Public,Outdoor Tennis Court,No,Coated,-79.26813575,43.80358865,3,Basketball
3091,Irving W. Chapley Park,IRVING W. CHAPLEY PARK - Tennis Court Area,IRVING W. CHAPLEY PARK,205 WILMINGTON AVE,North York,10,Public,Outdoor Tennis Court,Yes,Asphalt,-79.4561931,43.76201193,2,Basketball
3580,Jeff Healey Park,JEFF HEALEY PARK - Tennis Court Area,JEFF HEALEY PARK,19 DELROY DR,Etobicoke York,5,Public,Outdoor Tennis Court,Yes,Asphalt,-79.49602765,43.63025972,2,Basketball
3072,Jimmie Simpson Park,JIMMIE SIMPSON PARK - Tennis Court Area,JIMMIE SIMPSON PARK,870 QUEEN ST E,Toronto East York,30,Public,Outdoor Tennis Court,No,Asphalt,-79.34429257,43.66106283,2,Basketball
3066,Jonathan Ashbridge Park,JONATHAN ASHBRIDGE PARK - Tennis Court Area,JONATHAN ASHBRIDGE PARK,1515 QUEEN ST E,Waterfront,32,Public,Outdoor Tennis Court,No,Asphalt,-79.32022022,43.66479575,2,Basketball
3055,June Rowlands Park,JUNE ROWLANDS PARK - Tennis Court Area,JUNE ROWLANDS PARK,220 DAVISVILLE AVE,Toronto East York,22,Club,Outdoor Tennis Court,Yes,Coated,-79.38784785,43.70128115,6,Basketball
31482,Beaches Park,,BEACHES PARK,2075 QUEEN ST E,Waterfront,32,Club,Clubhouse,,,-79.30049027,43.66623551,1,Basketball
3036,Kingsview Park,KINGSVIEW PARK - Tennis Court Area,KINGSVIEW PARK,46 KINGSVIEW BLVD,Etobicoke York,2,Public,Outdoor Tennis Court,No,Asphalt,-79.55510716,43.69890333,2,Basketball
3037,Kingsview Park,KINGSVIEW PARK - Tennis Court Area,KINGSVIEW PARK,46 KINGSVIEW BLVD,Etobicoke York,2,Public,Outdoor Tennis Court,No,Asphalt,-79.55494425,43.69894107,6,Basketball
3009,Laburnham Park,LABURNHAM PARK - Tennis Court Area,LABURNHAM PARK,60 LABURNHAM AVE,Etobicoke York,6,Public,Outdoor Tennis Court,No,Asphalt,-79.52659864,43.60090678,2,Basketball
3004,Lakeshore Boulevard Parklands,LAKESHORE BOULEVARD PARKLANDS - Tennis Court Area,LAKESHORE BOULEVARD PARKLANDS,1389 LAKE SHORE BLVD W,Waterfront,14,Public,Outdoor Tennis Court,No,Asphalt,-79.43823951,43.6336196,4,Basketball
3000,Lambton - Kingsway Park,LAMBTON - KINGSWAY PARK - Tennis Court Area,LAMBTON - KINGSWAY PARK,37 MARQUIS AVE,Etobicoke York,5,Public,Outdoor Tennis Court,No,Asphalt,-79.50740475,43.65812054,2,Basketball
3026,L'Amoreaux Sports Complex,L'AMOREAUX SPORTS COMPLEX - Tennis Court Area,L'AMOREAUX SPORTS COMPLEX,300 SILVER SPRINGS BLVD,Scarborough,39,Club,Outdoor Tennis Court,Yes,Coated,-79.30543122,43.80589994,5,Basketball
2996,Lanyard Park,LANYARD PARK - Tennis Court Area,LANYARD PARK,138 LANYARD RD,Etobicoke York,7,Public,Outdoor Tennis Court,No,Asphalt,-79.54852371,43.74722517,3,Basketball
2989,Lawrence Park And Ravine,LAWRENCE PARK AND RAVINE - Tennis Court Area,LAWRENCE PARK AND RAVINE,51 ALEXANDER MUIR RD,North York,25,Club,Outdoor Tennis Court,Yes,Clay,-79.39916151,43.72059609,3,Basketball
29553,Lawrence Park And Ravine,,LAWRENCE PARK AND RAVINE,51 ALEXANDER MUIR RD,North York,25,Club,Clubhouse,,,-79.3990207,43.72079089,1,Basketball
2979,Leaside Park,LEASIDE PARK - Tennis Court Area,LEASIDE PARK,5 LEASIDE PARK DR,North York,26,Club,Outdoor Tennis Court,Yes,Coated,-79.34929962,43.70293604,6,Basketball
2968,Lillian Park,LILLIAN PARK - Tennis Court Area,LILLIAN PARK,227 OTONABEE AVE,North York,24,Club,Outdoor Tennis Court,Yes,Asphalt,-79.40793756,43.79762628,3,Basketball
2993,Lora Hill Park,LORA HILL PARK - Tennis Court Area,LORA HILL PARK,36 FERNALROY BLVD,Etobicoke York,5,Club,Outdoor Tennis Court,Yes,Asphalt,-79.51464923,43.63832196,2,Basketball
2941,Lytton Park,LYTTON PARK - Tennis Court Area,LYTTON PARK,200 LYTTON BLVD,North York,16,Club,Outdoor Tennis Court,Yes,Coated,-79.41093783,43.71532333,3,Basketball
29566,Lytton Park,,LYTTON PARK,200 LYTTON BLVD,North York,16,Club,Clubhouse,,,-79.41074681,43.71529366,1,Basketball
2860,Major Abbas Ali Park,MAJOR ABBAS ALI PARK - Tennis Court Area,MAJOR ABBAS ALI PARK,180 MCLEVIN AVE,Scarborough,42,Club,Outdoor Tennis Court,Yes,Coated,-79.23197752,43.80349764,3,Basketball
2932,Malvern Park,MALVERN PARK - Tennis Court Area,MALVERN PARK,36 SEWELLS RD,Scarborough,42,Public,Outdoor Tennis Court,Yes,Asphalt,-79.2176839,43.80884495,3,Basketball
2927,Manchester Park,MANCHESTER PARK - Tennis Court Area,MANCHESTER PARK,75 MANCHESTER ST,Etobicoke York,6,Public,Outdoor Tennis Court,Yes,Asphalt,-79.49021165,43.62075451,3,Basketball
2923,Maple Leaf Park,MAPLE LEAF PARK - Tennis Court Area,MAPLE LEAF PARK,320 CULFORD RD,Etobicoke York,12,Public,Outdoor Tennis Court,Yes,Asphalt,-79.4940859,43.71612334,3,Basketball
60963,Marilyn Bell Park,MARILYN BELL PARK - Tennis Court Area,MARILYN BELL PARK,1095 LAKE SHORE BLVD W,Waterfront,14,Public,Outdoor Tennis Court,No,Asphalt,-79.4331,44.6308,4,Basketball
2912,Martin Grove Gardens Park,MARTIN GROVE GARDENS PARK - Tennis Court Area,MARTIN GROVE GARDENS PARK,31 LAVINGTON DR,Etobicoke York,4,Public,Outdoor Tennis Court,Yes,Asphalt,-79.56345715,43.68950431,3,Basketball
3575,Maryland Park,MARYLAND PARK - Tennis Court Area,MARYLAND PARK,19 MARYLAND BLVD,Toronto East York,31,Club,Outdoor Tennis Court,Yes,Coated,-79.29532472,43.69191706,4,Basketball
29571,Maryland Park,,MARYLAND PARK,19 MARYLAND BLVD,Toronto East York,31,Club,Clubhouse,,,-79.29511541,43.69166907,1,Basketball
2908,Maryvale Park,MARYVALE PARK - Tennis Court Area,MARYVALE PARK,5 TRESTLESIDE GRV,Scarborough,37,Club,Outdoor Tennis Court,Yes,Asphalt,-79.3058628,43.75386682,3,Basketball
2897,Mcdairmid Woods Park,MCDAIRMID WOODS PARK - Tennis Court Area,MCDAIRMID WOODS PARK,51 RUBIC CRES,Scarborough,41,Public,Outdoor Tennis Court,Yes,Asphalt,-79.26657777,43.7804893,3,Basketball
2888,Mcgregor Park,MCGREGOR PARK - Tennis Court Area,MCGREGOR PARK,2231 LAWRENCE AVE E,Scarborough,37,Public,Outdoor Tennis Court,No,Asphalt,-79.28106877,43.74695746,3,Basketball
2883,Mcnicoll Park,MCNICOLL PARK - Tennis Court Area,MCNICOLL PARK,215 MCNICOLL AVE,North York,24,Public,Outdoor Tennis Court,Yes,Asphalt,-79.35406526,43.79802626,3,Basketball
2872,Mill Valley Park,MILL VALLEY PARK - Tennis Court Area,MILL VALLEY PARK,412 MILL RD,Etobicoke York,3,Public,Outdoor Tennis Court,No,Asphalt,-79.58780012,43.64341557,2,Basketball
2868,Millwood Park,MILLWOOD PARK - Tennis Court Area,MILLWOOD PARK,4370 BLOOR ST W,Etobicoke York,3,Public,Outdoor Tennis Court,Yes,Asphalt,-79.57917903,43.63202211,3,Basketball
2864,Mimico Memorial Park,MIMICO MEMORIAL PARK - Tennis Court Area,MIMICO MEMORIAL PARK,75 HILLSIDE AVE,Etobicoke York,6,Club,Outdoor Tennis Court,Yes,Clay,-79.493644,43.60917779,3,Basketball
29573,Mimico Memorial Park,,MIMICO MEMORIAL PARK,29 GEORGE ST,Etobicoke York,6,Club,Clubhouse,,,-79.4935712,43.60893539,1,Basketball
2856,Moore Park,MOORE PARK - Tennis Court Area,MOORE PARK,110 CACTUS AVE,North York,23,Public,Outdoor Tennis Court,No,Asphalt,-79.43456388,43.79164456,3,Basketball
3995,Moorevale Park,MOOREVALE PARK - Tennis Court Area,MOOREVALE PARK,175 MOORE AVE,Toronto East York,27,Club,Outdoor Tennis Court,Yes,Coated,-79.38236127,43.69325809,5,Basketball
30923,Moorevale Park,,MOOREVALE PARK,175 MOORE AVE,Toronto East York,27,Club,Clubhouse,,,-79.38223315,43.69358275,1,Basketball
3981,Moss Park,MOSS PARK - Tennis Court Area,MOSS PARK,150 SHERBOURNE ST,Toronto East York,27,Public,Outdoor Tennis Court,Yes,Asphalt,-79.37227743,43.65512985,2,Basketball
3974,North Bendale Park,NORTH BENDALE PARK - Tennis Court Area,NORTH BENDALE PARK,40 ERINLEA CRES,Scarborough,38,Club,Outdoor Tennis Court,Yes,Coated,-79.24578847,43.77006118,3,Basketball
3970,North Park,NORTH PARK - Tennis Court Area,NORTH PARK,587 RUSTIC RD,Etobicoke York,12,Public,Outdoor Tennis Court,No,Asphalt,-79.47183506,43.71827696,2,Basketball
29745,Willowdale Park,,WILLOWDALE PARK,75 HOLLYWOOD AVE,North York,23,Club,Clubhouse,,,-79.40805249,43.7662024,1,Basketball
3959,Norwood Park,NORWOOD PARK - Tennis Court Area,NORWOOD PARK,16 NORWOOD RD,Toronto East York,32,Public,Outdoor Tennis Court,No,Asphalt,-79.3029781,43.68261507,5,Basketball
3952,Old Mill Site Park,OLD MILL SITE PARK - Tennis Court Area,OLD MILL SITE PARK,5 CATHERINE ST,Etobicoke York,13,Club,Outdoor Tennis Court,Yes,Coated,-79.49046919,43.65111594,4,Basketball
3947,Oriole Park - North York,ORIOLE PARK - NORTH YORK - Tennis Court Area,ORIOLE PARK - NORTH YORK,2955 DON MILLS RD,North York,33,Club,Outdoor Tennis Court,Yes,Asphalt,-79.35078455,43.78203982,4,Basketball
3944,Oriole Park - Toronto,ORIOLE PARK - TORONTO - Tennis Court Area,ORIOLE PARK - TORONTO,201 ORIOLE PKWY,Toronto East York,22,Public,Outdoor Tennis Court,No,Asphalt,-79.39928015,43.6969922,2,Basketball
3940,Ourland Park,OURLAND PARK - Tennis Court Area,OURLAND PARK,18 OURLAND AVE,Etobicoke York,6,Public,Outdoor Tennis Court,Yes,Asphalt,-79.50956085,43.61631438,2,Basketball
3932,Park Lawn Park,PARK LAWN PARK - Tennis Court Area,PARK LAWN PARK,330 PARK LAWN RD,Etobicoke York,5,Public,Outdoor Tennis Court,Yes,Asphalt,-79.4953937,43.63924231,4,Basketball
29320,Cassandra Park,,CASSANDRA PARK,230 CASSANDRA BLVD,North York,34,Club,Clubhouse,,,-79.31915436,43.75468027,1,Basketball
3920,Pelmo Park,PELMO PARK - Tennis Court Area,PELMO PARK,171 PELLATT AVE,Etobicoke York,11,Public,Outdoor Tennis Court,Yes,Asphalt,-79.51906095,43.71397485,3,Basketball
3913,Pine Point Park,PINE POINT PARK - Tennis Court Area (  1),PINE POINT PARK,4 CONAN RD,Etobicoke York,2,Public,Outdoor Tennis Court,Yes,Clay,-79.54979383,43.71129856,6,Basketball
29597,Pine Point Park,,PINE POINT PARK,15 GRIERSON RD,Etobicoke York,2,Club,Clubhouse,,,-79.54408584,43.71256193,1,Basketball
3898,Prairie Drive Park,PRAIRIE DRIVE PARK - Tennis Court Area,PRAIRIE DRIVE PARK,70 PRAIRIE DR,Scarborough,35,Public,Outdoor Tennis Court,Yes,Asphalt,-79.28492538,43.69675134,3,Basketball
3891,Prince Of Wales Park,PRINCE OF WALES PARK - Tennis Court Area,PRINCE OF WALES PARK,1 THIRD ST,Etobicoke York,6,Public,Outdoor Tennis Court,Yes,Asphalt,-79.49893224,43.59861493,4,Basketball
3889,Princess Anne Park,PRINCESS ANNE PARK - Tennis Court Area,PRINCESS ANNE PARK,25A PRINCESS MARGARET Blvd,Etobicoke York,4,Public,Outdoor Tennis Court,No,Asphalt,-79.54023202,43.67270221,2,Basketball
3879,Queensway Park,,QUEENSWAY PARK,8 AVON PARK DR,Etobicoke York,5,Public,Outdoor Tennis Court,No,Asphalt,-79.50594856,43.62657891,1,Basketball
3872,Ramsden Park,RAMSDEN PARK - Tennis Court Area (  1),RAMSDEN PARK,1020 YONGE ST,Toronto East York,27,Public,Outdoor Tennis Court,Yes,Asphalt,-79.39151097,43.67626161,12,Basketball
3858,Humberside Grounds,RAVINA GARDENS - Tennis Court Area,HUMBERSIDE GROUNDS,230 GLENDONWYNNE RD,Etobicoke York,13,Public,Outdoor Tennis Court,No,Asphalt,-79.46973613,43.65990043,4,Basketball
3850,Rennie Park,RENNIE PARK - Tennis Court Area,RENNIE PARK,1 RENNIE TER,Etobicoke York,13,Club,Outdoor Tennis Court,Yes,Coated,-79.47368631,43.64468087,4,Basketball
3829,Rockford Park,ROCKFORD PARK - Tennis Court Area,ROCKFORD PARK,70 ROCKFORD RD,North York,10,Public,Outdoor Tennis Court,Yes,Asphalt,-79.45320245,43.78603914,2,Basketball
3810,Rosedale Park,ROSEDALE PARK - Tennis Court Area (  1),ROSEDALE PARK,20 SCHOLFIELD AVE,Toronto East York,27,Club,Outdoor Tennis Court,Yes,Coated,-79.37869472,43.68336863,8,Basketball
3800,Rosethorn Park,ROSETHORN PARK - Tennis Court Area,ROSETHORN PARK,26 REMINGTON DR,Etobicoke York,4,Club,Outdoor Tennis Court,Yes,Coated,-79.53885664,43.65842435,3,Basketball
3797,Rotary Peace Park,ROTARY PEACE PARK - Tennis Court Area,ROTARY PEACE PARK,25 ELEVENTH ST,Etobicoke York,6,Public,Outdoor Tennis Court,No,Asphalt,-79.50806035,43.59518774,2,Basketball
3791,Royal Crest Park,ROYAL CREST PARK - Tennis Court Area,ROYAL CREST PARK,50 CABERNET CIR,Etobicoke York,1,Public,Outdoor Tennis Court,Yes,Concrete,-79.60500827,43.75253274,3,Basketball
3786,Roywood Park,ROYWOOD PARK - Tennis Court Area,ROYWOOD PARK,2 ROYWOOD DR,North York,34,Club,Outdoor Tennis Court,Yes,Asphalt,-79.3210754,43.76370464,4,Basketball
28182,Roywood Park,,ROYWOOD PARK,2 ROYWOOD DR,North York,34,Club,Clubhouse,,,-79.32073912,43.7641261,1,Basketball
3781,Ruddington Park,RUDDINGTON PARK - Tennis Court Area,RUDDINGTON PARK,75 RUDDINGTON DR,North York,24,Public,Outdoor Tennis Court,Yes,Asphalt,-79.38942478,43.79258616,3,Basketball
3778,Runnymede Park,RUNNYMEDE PARK - Tennis Court Area,RUNNYMEDE PARK,221 RYDING AVE,Etobicoke York,11,Public,Outdoor Tennis Court,No,Asphalt,-79.47774834,43.6682714,2,Basketball
3768,Scarborough Bluffs Park,SCARBOROUGH BLUFFS PARK - Tennis Court Area (  1),SCARBOROUGH BLUFFS PARK,61 UNDERCLIFF DR,Scarborough,36,Club,Outdoor Tennis Court,Yes,Asphalt,-79.24216212,43.70539961,4,Hockey
36745,Scarborough Bluffs Park,,SCARBOROUGH BLUFFS PARK,61 UNDERCLIFF DR,Scarborough,36,Club,Clubhouse,,,-79.241436,43.705082,1,Hockey
3762,Scarlett Mills Park,SCARLETT MILLS PARK - Tennis Court Area,SCARLETT MILLS PARK,235 EDENBRIDGE DR,Etobicoke York,4,Public,Outdoor Tennis Court,Yes,Asphalt,-79.51095312,43.67606649,4,Hockey
3753,Seneca Hill Park,SENECA HILL PARK - Tennis Court Area,SENECA HILL PARK,620 SENECA HILL DR,North York,33,Club,Outdoor Tennis Court,Yes,Coated,-79.35245229,43.79104936,4,Hockey
3749,Sentinel Park,SENTINEL PARK - Tennis Court Area,SENTINEL PARK,295 SENTINEL RD,North York,8,Public,Outdoor Tennis Court,No,Asphalt,-79.49813585,43.75574249,2,Hockey
3742,Seven Oaks Park,SEVEN OAKS PARK - Tennis Court Area,SEVEN OAKS PARK,372 MILITARY TRL,Scarborough,43,Club,Outdoor Tennis Court,Yes,Coated,-79.21050726,43.78812802,3,Hockey
3737,Shawnee Park,SHAWNEE PARK - Tennis Court Area,SHAWNEE PARK,81 SHAWNEE CIR,North York,33,Public,Outdoor Tennis Court,No,Asphalt,-79.33870752,43.79754498,4,Hockey
3733,Silver Creek Park,SILVER CREEK PARK - Tennis Court Area,SILVER CREEK PARK,44 STRATHDEE DR,Etobicoke York,4,Public,Outdoor Tennis Court,Yes,Asphalt,-79.54507528,43.68209369,3,Hockey
3726,Sir Adam Beck Park,SIR ADAM BECK PARK - Tennis Court Area,SIR ADAM BECK PARK,55 ELTHAM DR,Etobicoke York,6,Public,Outdoor Tennis Court,Yes,Asphalt,-79.54826365,43.60279773,2,Hockey
3718,Sir Winston Churchill Park,SIR WINSTON CHURCHILL PARK - Tennis Court Area,SIR WINSTON CHURCHILL PARK,301 ST CLAIR AVE W,Toronto East York,22,Club,Outdoor Tennis Court,Yes,Coated,-79.40880188,43.68389191,7,Hockey
29641,Sir Winston Churchill Park,,SIR WINSTON CHURCHILL PARK,301 ST CLAIR AVE W,Toronto East York,22,Club,Clubhouse,,,-79.40842725,43.68433366,1,Hockey
3708,Sorauren Avenue Park,SORAUREN AVENUE PARK - Tennis Court Area,SORAUREN AVENUE PARK,289 SORAUREN AVE,Toronto East York,14,Public,Outdoor Tennis Court,No,Asphalt,-79.44403272,43.64914108,2,Hockey
3696,Stanley Park ,STANLEY PARK - Tennis Court Area,STANLEY PARK ,27 STANLEY RD,Etobicoke York,7,Public,Outdoor Tennis Court,No,Asphalt,-79.51584331,43.74150002,3,Hockey
3693,Stanley Park South - Toronto,STANLEY PARK SOUTH - TORONTO - Tennis Court Area,STANLEY PARK SOUTH - TORONTO,700 WELLINGTON ST W,Toronto East York,19,Public,Outdoor Tennis Court,No,Asphalt,-79.40808359,43.64165035,2,Hockey
3687,Stephen Leacock Park,STEPHEN LEACOCK PARK - Tennis Court Area,STEPHEN LEACOCK PARK,2530 BIRCHMOUNT RD,Scarborough,40,Club,Outdoor Tennis Court,Yes,Coated,-79.30172608,43.78739564,4,Hockey
3679,Strathburn Park,STRATHBURN PARK - Tennis Court Area,STRATHBURN PARK,55 STRATHBURN BLVD,Etobicoke York,7,Public,Outdoor Tennis Court,Yes,Asphalt,-79.53258882,43.72176497,2,Hockey
3674,Summerlea Park,SUMMERLEA PARK - Tennis Court Area,SUMMERLEA PARK,2 ARCOT BLVD,Etobicoke York,2,Public,Outdoor Tennis Court,Yes,Asphalt,-79.55206435,43.728233,2,Hockey
3667,Sunnydale Acres Park,SUNNYDALE ACRES PARK - Tennis Court Area,SUNNYDALE ACRES PARK,50 AMORO DR,Etobicoke York,2,Public,Outdoor Tennis Court,Yes,Asphalt,-79.57833983,43.72454631,4,Hockey
3664,Sunnylea Park,SUNNYLEA PARK - Tennis Court Area,SUNNYLEA PARK,195 PRINCE EDWARD DR S,Etobicoke York,5,Public,Outdoor Tennis Court,Yes,Asphalt,-79.50187352,43.64156439,2,Hockey
3660,Sweeney Park,SWEENEY PARK - Tennis Court Area,SWEENEY PARK,110 SWEENEY DR,North York,34,Public,Outdoor Tennis Court,Yes,Asphalt,-79.31574876,43.73584145,3,Hockey
3657,Symington Avenue Playground,SYMINGTON AVENUE PLAYGROUND - Tennis Court Area,SYMINGTON AVENUE PLAYGROUND,431 PERTH AVE,Toronto East York,18,Public,Outdoor Tennis Court,No,Asphalt,-79.45201697,43.66656969,2,Hockey
3652,Tam Heather Country Club Grounds,TAM HEATHER COUNTRY CLUB - Tennis Court Area,TAM HEATHER COUNTRY CLUB GROUNDS,50 BONSPIEL DR,Scarborough,43,Club,Outdoor Tennis Court,Yes,Coated,-79.19832595,43.79144095,4,Hockey
3647,Thomson Memorial Park,THOMSON MEMORIAL PARK - Tennis Court Area,THOMSON MEMORIAL PARK,1005 BRIMLEY RD,Scarborough,38,Club,Outdoor Tennis Court,Yes,Coated,-79.2546493,43.75602336,3,Hockey
3643,Three Valleys Park,THREE VALLEYS PARK - Tennis Court Area,THREE VALLEYS PARK,82 THREE VALLEYS DR,North York,34,Club,Outdoor Tennis Court,Yes,Coated,-79.33898719,43.75037038,2,Hockey
3631,Tom Riley Park,TOM RILEY PARK - Tennis Court Area (  2),TOM RILEY PARK,4725 DUNDAS ST W,Etobicoke York,5,Club,Outdoor Tennis Court,Yes,Asphalt,-79.52004616,43.64786247,3,Hockey
3621,Topham Park,TOPHAM PARK - Tennis Court Area,TOPHAM PARK,181 WESTVIEW BLVD,Toronto East York,31,Public,Outdoor Tennis Court,Yes,Asphalt,-79.30645837,43.71094165,2,Hockey
3607,Tournament Park,TOURNAMENT PARK - Tennis Court Area,TOURNAMENT PARK,40 TOURNAMENT DR,North York,25,Club,Outdoor Tennis Court,Yes,Coated,-79.39991418,43.7511488,4,Hockey
29713,Tournament Park,,TOURNAMENT PARK,40 TOURNAMENT DR,North York,25,Club,Clubhouse,,,-79.40059469,43.75105109,1,Hockey
3600,Trace Manes Park,TRACE MANES PARK - Tennis Court Area (  1),TRACE MANES PARK,110 RUMSEY RD,North York,26,Club,Outdoor Tennis Court,Yes,Coated,-79.36764193,43.70548294,6,Hockey
3585,Trinity Bellwoods Park,TRINITY BELLWOODS PARK - Tennis Court Area,TRINITY BELLWOODS PARK,790 QUEEN ST W,Toronto East York,19,Public,Outdoor Tennis Court,Yes,Asphalt,-79.4124157,43.64666355,4,Hockey
3462,Valleyfield Park,,VALLEYFIELD PARK,35 THE WESTWAY,Etobicoke York,4,Public,Outdoor Tennis Court,No,Asphalt,-79.53424727,43.69490251,1,Hockey
3432,Viewmount Park,VIEWMOUNT PARK - Tennis Court Area,VIEWMOUNT PARK,169 VIEWMOUNT AVE,North York,15,Club,Outdoor Tennis Court,Yes,Coated,-79.43700745,43.70753823,4,Hockey
3285,Wanless Park,WANLESS PARK - Tennis Court Area,WANLESS PARK,250 WANLESS AVE,North York,25,Club,Outdoor Tennis Court,Yes,Coated,-79.3932826,43.72913182,5,Hockey
3196,Wedgewood Park - Etobicoke,,WEDGEWOOD PARK - ETOBICOKE,15 SWAN AVE,Etobicoke York,5,Public,Outdoor Tennis Court,No,Asphalt,-79.54741676,43.64415629,1,Hockey
3177,Wedgewood Park - North York,WEDGEWOOD PARK - Tennis Court Area,WEDGEWOOD PARK - NORTH YORK,145 WEDGEWOOD DR,North York,24,Public,Outdoor Tennis Court,Yes,Asphalt,-79.40645841,43.7907447,2,Hockey
3100,West Deane Park,WEST DEANE PARK - Tennis Court Area,WEST DEANE PARK,19 SEDGEBROOK CRES,Etobicoke York,3,Club,Outdoor Tennis Court,Yes,Asphalt,-79.55918125,43.6632802,4,Hockey
3359,Dennis Flynn Park,,DENNIS FLYNN PARK,370 THE WEST MALL,Etobicoke York,3,Public,Outdoor Tennis Court,Yes,Asphalt,-79.56621687,43.64120715,3,Hockey
2973,West Rouge Park,WEST ROUGE PARK - Tennis Court Area,WEST ROUGE PARK,270 ROUGE HILLS DR,Scarborough,44,Club,Outdoor Tennis Court,Yes,Coated,-79.1260191,43.79254947,3,Hockey
2962,Westgrove Park,WESTGROVE PARK - Tennis Court Area,WESTGROVE PARK,15 REDGRAVE DR,Etobicoke York,4,Public,Outdoor Tennis Court,Yes,Asphalt,-79.56768523,43.68273695,3,Hockey
2950,Westmount Park,WESTMOUNT PARK - Tennis Court Area,WESTMOUNT PARK,22 ARCADE DR,Etobicoke York,2,Public,Outdoor Tennis Court,Yes,Asphalt,-79.51895738,43.687485,3,Hockey
2957,Weston Lions Park,WESTON LIONS PARK - Tennis Court Area,WESTON LIONS PARK,2125 LAWRENCE AVE W,Etobicoke York,11,Club,Outdoor Tennis Court,Yes,Coated,-79.51842254,43.69772494,4,Hockey
3989,Westway Park,WESTWAY PARK - Tennis Court Area,WESTWAY PARK,175 THE WESTWAY,Etobicoke York,4,Public,Outdoor Tennis Court,Yes,Asphalt,-79.54205012,43.68821725,4,Hockey
3804,Willowdale Park,WILLOWDALE PARK - Tennis Court Area,WILLOWDALE PARK,75 HOLLYWOOD AVE,North York,23,Club,Outdoor Tennis Court,Yes,Clay,-79.40853245,43.76610166,4,Hockey
3700,Wishing Well Park,WISHING WELL PARK - Tennis Court Area,WISHING WELL PARK,1700 PHARMACY AVE,Scarborough,40,Club,Outdoor Tennis Court,Yes,Coated,-79.317182,43.76992939,3,Hockey
3682,Withrow Park,WITHROW PARK - Tennis Court Area,WITHROW PARK,725 LOGAN AVE,Toronto East York,30,Public,Outdoor Tennis Court,No,Asphalt,-79.34849634,43.67597123,2,Hockey
29524,Hillcrest Park,,HILLCREST PARK,950 DAVENPORT RD,Toronto East York,21,Club,Clubhouse,,,-79.42408744,43.67658129,1,Hockey
3886,York Mills Valley Park,YORK MILLS VALLEY PARK - Tennis Court Area (  1),YORK MILLS VALLEY PARK,3865 YONGE ST,North York,25,Public,Outdoor Tennis Court,Yes,Coated,-79.40548109,43.74010831,4,Hockey
29757,York Mills Valley Park,,YORK MILLS VALLEY PARK,1 MILL ST,North York,25,Club,Clubhouse,,,-79.40499951,43.73994187,1,Hockey
